Order ID,Order Date,CustomerName,State,City,Customer Name
B-26055,10/3/2018,Harivansh,Khyber Pakhtunkhwa,Gujranwala,Ahmed
B-25993,3/2/2018,Madhav,Punjab,Peshawar,Fatima
B-25973,24-01-2018,Madan Mohan,Azad Kashmir,Sukkur,Hassan
B-25923,27-12-2018,Gopal,Sindh,Mardan,Aisha
B-25757,21-08-2018,Vishakha,Khyber Pakhtunkhwa,Faisalabad,Omar
B-25967,21-01-2018,Sudevi,Punjab,Mardan,Zainab
B-25955,16-01-2018,Shiva,Sindh,Multan,Yusuf
B-26093,27-03-2018,Sarita,Azad Kashmir,Mardan,Maryam
B-25798,1/10/2018,Shishu,Gilgit-Baltistan,Sargodha,Bilal
B-25602,1/4/2018,Vrinda,Balochistan,Karachi,Noor
B-25858,13-11-2018,Uudhav,Azad Kashmir,Hyderabad,Khadija
B-25969,21-01-2018,Shreyshi,Azad Kashmir,Gujranwala,Hamza
B-26099,30-03-2018,Bhishm,Balochistan,Sukkur,Ali
B-25997,4/2/2018,Yogesh,Gilgit-Baltistan,Peshawar,Sara
B-25881,25-11-2018,Lalita,Azad Kashmir,Sialkot,Ibrahim
B-25761,25-08-2018,Madhav,Khyber Pakhtunkhwa,Faisalabad,Rania
B-25887,1/12/2018,Vishakha,Azad Kashmir,Quetta,Mariam
B-25823,18-10-2018,Rohan,Gilgit-Baltistan,Gujranwala,Abdullah
B-25853,8/11/2018,Gaurav,Punjab,Lahore,Ahmed
B-25862,15-11-2018,Amol,Sindh,Sialkot,Fatima
B-25830,26-10-2018,Aastha,Balochistan,Islamabad,Hassan
B-25786,19-09-2018,Madan Mohan,Balochistan,Multan,Aisha
B-25686,11/6/2018,Pooja,Khyber Pakhtunkhwa,Bahawalpur,Omar
B-26022,18-02-2018,Shrichand,Gilgit-Baltistan,Bahawalpur,Zainab
B-26003,8/2/2018,Hitesh,Gilgit-Baltistan,Mardan,Yusuf
B-25755,19-08-2018,Shourya,Punjab,Quetta,Maryam
B-25902,10/12/2018,Ishpreet,Balochistan,Sargodha,Bilal
B-25935,4/1/2018,Sudhir,Khyber Pakhtunkhwa,Sialkot,Noor
B-25797,30-09-2018,Sauptik,Balochistan,Gujranwala,Khadija
B-25639,27-04-2018,Lisha,Khyber Pakhtunkhwa,Rawalpindi,Hamza
B-25681,4/6/2018,Bhawna,Sindh,Lahore,Ali
B-25909,13-12-2018,Sujay,Azad Kashmir,Mardan,Sara
B-25910,14-12-2018,Jay,Sindh,Islamabad,Ibrahim
B-25950,13-01-2018,Shruti,Gilgit-Baltistan,Peshawar,Rania
B-25613,12/4/2018,Mohan,Balochistan,Peshawar,Mariam
B-25919,23-12-2018,Neha,Punjab,Karachi,Abdullah
B-25768,1/9/2018,Shreyoshe,Gilgit-Baltistan,Bahawalpur,Ahmed
B-25629,24-04-2018,Hemant,Azad Kashmir,Islamabad,Fatima
B-25729,22-07-2018,Madhulika,Punjab,Hyderabad,Hassan
B-25943,9/1/2018,Shardul,Punjab,Rawalpindi,Aisha
B-25842,2/11/2018,Sheetal,Gilgit-Baltistan,Karachi,Omar
B-26073,21-03-2018,Pournamasi,Balochistan,Rawalpindi,Zainab
B-25778,11/9/2018,Surabhi,Balochistan,Islamabad,Yusuf
B-25717,12/7/2018,Manshul,Sindh,Gujranwala,Maryam
B-26085,26-03-2018,Shrichand,Sindh,Karachi,Bilal
B-26048,4/3/2018,Parth,Balochistan,Mardan,Noor
B-25793,24-09-2018,Siddharth,Azad Kashmir,Faisalabad,Khadija
B-25656,11/5/2018,Priyanka,Sindh,Hyderabad,Hamza
B-25608,8/4/2018,Aarushi,Gilgit-Baltistan,Faisalabad,Ali
B-25752,14-08-2018,Vaibhav,Gilgit-Baltistan,Karachi,Sara
B-25779,12/9/2018,Savi,Gilgit-Baltistan,Mardan,Ibrahim
B-25603,3/4/2018,Jahan,Punjab,Hyderabad,Rania
B-26051,7/3/2018,Parishi,Sindh,Sargodha,Mariam
B-25653,8/5/2018,Farah,Balochistan,Mardan,Abdullah
B-25855,8/11/2018,Abhijeet,Balochistan,Lahore,Ahmed
B-25762,26-08-2018,Anudeep,Punjab,Sargodha,Fatima
B-25995,4/2/2018,Yohann,Sindh,Quetta,Hassan
B-25929,2/1/2018,Girase,Punjab,Bahawalpur,Aisha
B-26006,9/2/2018,Arpita,Balochistan,Peshawar,Omar
B-25697,22-06-2018,Vijay,Punjab,Sialkot,Zainab
B-25836,29-10-2018,Arti,Punjab,Sargodha,Yusuf
B-25601,1/4/2018,Bharat,Gilgit-Baltistan,Faisalabad,Maryam
B-25873,23-11-2018,Divyeta,Balochistan,Quetta,Bilal
B-26028,20-02-2018,Manju,Gilgit-Baltistan,Lahore,Noor
B-25964,20-01-2018,Oshin,Punjab,Sargodha,Khadija
B-25676,1/6/2018,Chandni,Azad Kashmir,Mardan,Hamza
B-25839,30-10-2018,Pranjali,Khyber Pakhtunkhwa,Mardan,Ali
B-25894,4/12/2018,Monu,Khyber Pakhtunkhwa,Sukkur,Sara
B-25925,29-12-2018,Shruti,Khyber Pakhtunkhwa,Lahore,Ibrahim
B-25953,14-01-2018,Krutika,Sindh,Faisalabad,Rania
B-25772,2/9/2018,Sanjana,Sindh,Sialkot,Mariam
B-25957,18-01-2018,Mahima,Balochistan,Multan,Abdullah
B-25730,22-07-2018,Rishabh,Azad Kashmir,Sialkot,Ahmed
B-25877,24-11-2018,Dashyam,Sindh,Quetta,Fatima
B-26067,16-03-2018,Tulika,Balochistan,Gujranwala,Hassan
B-25810,10/10/2018,Nripraj,Punjab,Peshawar,Aisha
B-25868,18-11-2018,Vikash,Gilgit-Baltistan,Karachi,Omar
B-26023,19-02-2018,Mukesh,Punjab,Faisalabad,Zainab
B-25626,23-04-2018,Bhishm,Sindh,Islamabad,Yusuf
B-25937,5/1/2018,Ankit,Balochistan,Quetta,Maryam
B-25610,9/4/2018,Yogesh,Punjab,Quetta,Bilal
B-25777,10/9/2018,Aditi,Gilgit-Baltistan,Multan,Noor
B-25738,2/8/2018,Ayush,Sindh,Hyderabad,Khadija
B-25978,27-01-2018,Parin,Sindh,Lahore,Hamza
B-25643,29-04-2018,Kirti,Khyber Pakhtunkhwa,Peshawar,Ali
B-25728,22-07-2018,Ameesha,Balochistan,Faisalabad,Sara
B-25749,13-08-2018,Ayush,Balochistan,Mardan,Ibrahim
B-25667,23-05-2018,Anjali,Sindh,Multan,Rania
B-25657,13-05-2018,Tulika,Azad Kashmir,Lahore,Mariam
B-25753,17-08-2018,Shivam,Punjab,Sialkot,Abdullah
B-26061,14-03-2018,Anurag,Khyber Pakhtunkhwa,Multan,Ahmed
B-25838,29-10-2018,Sanjana,Balochistan,Hyderabad,Fatima
B-25702,27-06-2018,Shaily,Azad Kashmir,Multan,Hassan
B-25952,13-01-2018,Priyanka,Khyber Pakhtunkhwa,Quetta,Aisha
B-25666,22-05-2018,Tanvi,Khyber Pakhtunkhwa,Peshawar,Omar
B-25675,31-05-2018,Shreya,Balochistan,Peshawar,Zainab
B-25650,6/5/2018,Chirag,Punjab,Multan,Yusuf
B-25986,31-01-2018,Shweta,Azad Kashmir,Multan,Maryam
B-25850,5/11/2018,Abhishek,Sindh,Sargodha,Bilal
B-25898,7/12/2018,Abhishek,Azad Kashmir,Sargodha,Noor
B-25813,10/10/2018,Hrisheekesh,Punjab,Multan,Khadija
B-25825,21-10-2018,Kartik,Sindh,Sargodha,Hamza
B-25954,14-01-2018,Trupti,Khyber Pakhtunkhwa,Multan,Ali
B-25696,21-06-2018,Noopur,Balochistan,Karachi,Sara
B-25638,26-04-2018,Parth,Gilgit-Baltistan,Lahore,Ibrahim
B-25747,11/8/2018,Harsh,Gilgit-Baltistan,Sukkur,Rania
B-25904,10/12/2018,Swapnil,Azad Kashmir,Faisalabad,Mariam
B-25852,7/11/2018,Soumyabrata,Balochistan,Bahawalpur,Abdullah
B-25981,28-01-2018,Amruta,Balochistan,Sukkur,Ahmed
B-25899,8/12/2018,Aishwarya,Balochistan,Lahore,Fatima
B-25870,20-11-2018,Pranav,Gilgit-Baltistan,Lahore,Hassan
B-26040,26-02-2018,Sahil,Gilgit-Baltistan,Bahawalpur,Aisha
B-25671,27-05-2018,Mitali,Punjab,Multan,Omar
B-26100,31-03-2018,Hitika,Gilgit-Baltistan,Karachi,Zainab
B-25651,7/5/2018,Anurag,Azad Kashmir,Lahore,Yusuf
B-25968,21-01-2018,Paromita,Balochistan,Multan,Maryam
B-26019,15-02-2018,Jitesh,Khyber Pakhtunkhwa,Sargodha,Bilal
B-25664,20-05-2018,Pratyusmita,Gilgit-Baltistan,Karachi,Noor
B-26033,22-02-2018,Atharv,Balochistan,Sargodha,Khadija
B-26052,8/3/2018,Ajay,Azad Kashmir,Islamabad,Hamza
B-25999,5/2/2018,Diwakar,Sindh,Lahore,Ali
B-25781,14-09-2018,Rutuja,Gilgit-Baltistan,Sargodha,Sara
B-25764,28-08-2018,Sanjova,Sindh,Sialkot,Ibrahim
B-25803,5/10/2018,Shivanshu,Balochistan,Karachi,Rania
B-25945,11/1/2018,Mhatre,Punjab,Peshawar,Mariam
B-26086,26-03-2018,Mukesh,Balochistan,Bahawalpur,Abdullah
B-25845,3/11/2018,Snel,Azad Kashmir,Mardan,Ahmed
B-25817,13-10-2018,Praneet,Punjab,Gujranwala,Fatima
B-25951,13-01-2018,Jesal,Gilgit-Baltistan,Faisalabad,Hassan
B-25970,22-01-2018,Rhea,Azad Kashmir,Sialkot,Aisha
B-25878,24-11-2018,Mrinal,Punjab,Peshawar,Omar
B-26057,10/3/2018,Sharda,Azad Kashmir,Lahore,Zainab
B-25885,28-11-2018,Shatayu,Khyber Pakhtunkhwa,Quetta,Yusuf
B-25897,6/12/2018,Rohan,Azad Kashmir,Peshawar,Maryam
B-25756,20-08-2018,Mohan,Gilgit-Baltistan,Sialkot,Bilal
B-25859,14-11-2018,Chikku,Sindh,Sialkot,Noor
B-25691,16-06-2018,Akancha,Gilgit-Baltistan,Peshawar,Khadija
B-25633,26-04-2018,Amit,Sindh,Hyderabad,Hamza
B-25708,1/7/2018,Kishwar,Azad Kashmir,Lahore,Ali
B-25831,27-10-2018,Mahima,Balochistan,Gujranwala,Sara
B-25856,10/11/2018,Abhijeet,Gilgit-Baltistan,Karachi,Ibrahim
B-25893,4/12/2018,Vrinda,Gilgit-Baltistan,Karachi,Rania
B-25959,18-01-2018,Muskan,Khyber Pakhtunkhwa,Sialkot,Mariam
B-26000,6/2/2018,Shubham,Gilgit-Baltistan,Sukkur,Abdullah
B-26097,28-03-2018,Vini,Khyber Pakhtunkhwa,Karachi,Ahmed
B-25745,9/8/2018,Kartik,Punjab,Peshawar,Fatima
B-25974,25-01-2018,Manisha,Balochistan,Mardan,Hassan
B-25670,25-05-2018,Charika,Balochistan,Multan,Aisha
B-25848,3/11/2018,Rohan,Punjab,Hyderabad,Omar
B-25888,2/12/2018,Rohan,Khyber Pakhtunkhwa,Sialkot,Zainab
B-25942,8/1/2018,Ankur,Khyber Pakhtunkhwa,Rawalpindi,Yusuf
B-25847,3/11/2018,Aniket,Gilgit-Baltistan,Rawalpindi,Maryam
B-25636,26-04-2018,Nishi,Sindh,Faisalabad,Bilal
B-25826,22-10-2018,Tanushree,Punjab,Sukkur,Noor
B-26081,22-03-2018,Aarushi,Balochistan,Sargodha,Khadija
B-25625,23-04-2018,Pinky,Sindh,Sialkot,Hamza
B-25802,5/10/2018,Yash,Azad Kashmir,Mardan,Ali
B-25693,18-06-2018,Parna,Balochistan,Hyderabad,Sara
B-25796,24-09-2018,Sukrith,Sindh,Sargodha,Ibrahim
B-25806,6/10/2018,Dhanraj,Gilgit-Baltistan,Hyderabad,Rania
B-25710,5/7/2018,Megha,Khyber Pakhtunkhwa,Sialkot,Mariam
B-25669,25-05-2018,Piyali,Azad Kashmir,Mardan,Abdullah
B-25857,10/11/2018,Anand,Punjab,Hyderabad,Ahmed
B-25785,15-09-2018,Ayush,Khyber Pakhtunkhwa,Islamabad,Fatima
B-25930,3/1/2018,Monica,Azad Kashmir,Sukkur,Hassan
B-26053,9/3/2018,Kirti,Sindh,Quetta,Aisha
B-26070,18-03-2018,Shruti,Khyber Pakhtunkhwa,Multan,Omar
B-25791,24-09-2018,Avish,Azad Kashmir,Bahawalpur,Zainab
B-25983,30-01-2018,Atul,Balochistan,Sialkot,Yusuf
B-25979,27-01-2018,Shivangi,Sindh,Mardan,Maryam
B-26054,10/3/2018,Mayank,Khyber Pakhtunkhwa,Sargodha,Bilal
B-26078,22-03-2018,Kasheen,Punjab,Multan,Noor
B-25787,20-09-2018,Asish,Punjab,Bahawalpur,Khadija
B-25682,7/6/2018,Krutika,Gilgit-Baltistan,Quetta,Hamza
B-25962,19-01-2018,Tejeswini,Khyber Pakhtunkhwa,Peshawar,Ali
B-25750,14-08-2018,Priyanshu,Gilgit-Baltistan,Faisalabad,Sara
B-25828,24-10-2018,Nikita,Gilgit-Baltistan,Sargodha,Ibrahim
B-25622,22-04-2018,Monisha,Khyber Pakhtunkhwa,Gujranwala,Rania
B-25751,14-08-2018,Nishant,Azad Kashmir,Faisalabad,Mariam
B-25685,10/6/2018,Sheetal,Azad Kashmir,Bahawalpur,Abdullah
B-26010,11/2/2018,Kartikay,Sindh,Quetta,Ahmed
B-26035,23-02-2018,Pinky,Khyber Pakhtunkhwa,Bahawalpur,Fatima
B-25698,23-06-2018,Amisha,Gilgit-Baltistan,Hyderabad,Hassan
B-25966,21-01-2018,Soumya,Punjab,Mardan,Aisha
B-25832,28-10-2018,Harshita,Khyber Pakhtunkhwa,Multan,Omar
B-25743,7/8/2018,Aman,Azad Kashmir,Islamabad,Zainab
B-25886,28-11-2018,Brijesh,Punjab,Quetta,Yusuf
B-25975,25-01-2018,Priyanka,Gilgit-Baltistan,Lahore,Maryam
B-26098,29-03-2018,Pinky,Khyber Pakhtunkhwa,Multan,Bilal
B-25614,13-04-2018,Vandana,Gilgit-Baltistan,Rawalpindi,Noor
B-25726,21-07-2018,Kiran,Gilgit-Baltistan,Bahawalpur,Khadija
B-26050,6/3/2018,Paridhi,Sindh,Peshawar,Hamza
B-25609,9/4/2018,Jitesh,Gilgit-Baltistan,Sukkur,Ali
B-25741,3/8/2018,Navdeep,Punjab,Multan,Sara
B-25956,17-01-2018,Shreya,Khyber Pakhtunkhwa,Quetta,Ibrahim
B-25689,14-06-2018,Bhaggyasree,Khyber Pakhtunkhwa,Islamabad,Rania
B-25939,5/1/2018,Vineet,Punjab,Sargodha,Mariam
B-25890,4/12/2018,Divyansha,Sindh,Multan,Abdullah
B-25814,10/10/2018,Swapnil,Balochistan,Quetta,Ahmed
B-25718,12/7/2018,Anjali,Azad Kashmir,Bahawalpur,Fatima
B-25914,18-12-2018,Kajal,Sindh,Rawalpindi,Hassan
B-25903,10/12/2018,Amlan,Gilgit-Baltistan,Rawalpindi,Aisha
B-26096,28-03-2018,Atharv,Sindh,Lahore,Omar
B-25654,10/5/2018,Sabah,Punjab,Sukkur,Zainab
B-26076,21-03-2018,Jahan,Balochistan,Gujranwala,Yusuf
B-25961,18-01-2018,Surbhi,Sindh,Lahore,Maryam
B-25854,8/11/2018,Shubham,Gilgit-Baltistan,Sargodha,Bilal
B-25642,28-04-2018,Ajay,Azad Kashmir,Karachi,Noor
B-25683,8/6/2018,Shreya,Gilgit-Baltistan,Multan,Khadija
B-26016,14-02-2018,Hazel,Azad Kashmir,Sialkot,Hamza
B-26034,23-02-2018,Vini,Balochistan,Rawalpindi,Ali
B-26056,10/3/2018,Sonal,Azad Kashmir,Islamabad,Sara
B-25819,15-10-2018,Ankur,Balochistan,Mardan,Ibrahim
B-25715,10/7/2018,Srishti,Azad Kashmir,Hyderabad,Rania
B-25933,4/1/2018,Shikhar,Gilgit-Baltistan,Sargodha,Mariam
B-26014,13-02-2018,Divsha,Azad Kashmir,Faisalabad,Abdullah
B-25655,11/5/2018,Nida,Punjab,Rawalpindi,Ahmed
B-25816,12/10/2018,Mane,Punjab,Karachi,Fatima
B-25634,26-04-2018,Sanjay,Khyber Pakhtunkhwa,Bahawalpur,Hassan
B-25895,4/12/2018,Sathya,Azad Kashmir,Sukkur,Aisha
B-25687,11/6/2018,Sanjna,Sindh,Rawalpindi,Omar
B-25662,17-05-2018,Sweta,Punjab,Mardan,Zainab
B-25635,26-04-2018,Nidhi,Azad Kashmir,Sukkur,Yusuf
B-26060,13-03-2018,Chirag,Khyber Pakhtunkhwa,Multan,Maryam
B-26045,3/3/2018,Nidhi,Gilgit-Baltistan,Lahore,Bilal
B-25770,2/9/2018,Sakshi,Azad Kashmir,Multan,Noor
B-25744,8/8/2018,Devendra,Balochistan,Islamabad,Khadija
B-25618,18-04-2018,Manju,Azad Kashmir,Faisalabad,Hamza
B-25958,18-01-2018,Aparajita,Punjab,Quetta,Ali
B-25769,2/9/2018,Surbhi,Khyber Pakhtunkhwa,Sargodha,Sara
B-25619,18-04-2018,Ramesh,Azad Kashmir,Sargodha,Ibrahim
B-25688,11/6/2018,Swetha,Gilgit-Baltistan,Karachi,Rania
B-25829,25-10-2018,Apoorva,Azad Kashmir,Multan,Mariam
B-26036,23-02-2018,Bhishm,Khyber Pakhtunkhwa,Quetta,Abdullah
B-25714,9/7/2018,Stuti,Balochistan,Gujranwala,Ahmed
B-25989,1/2/2018,Anjali,Punjab,Faisalabad,Fatima
B-25849,4/11/2018,K,Azad Kashmir,Lahore,Hassan
B-25851,6/11/2018,Kushal,Sindh,Sukkur,Aisha
B-25782,15-09-2018,Aayushi,Balochistan,Gujranwala,Omar
B-25621,20-04-2018,Deepak,Sindh,Peshawar,Zainab
B-25996,4/2/2018,Prashant,Azad Kashmir,Peshawar,Yusuf
B-25678,3/6/2018,Bathina,Khyber Pakhtunkhwa,Karachi,Maryam
B-25727,22-07-2018,Turumella,Punjab,Faisalabad,Bilal
B-26018,14-02-2018,Aarushi,Sindh,Peshawar,Noor
B-25760,24-08-2018,Pooja,Gilgit-Baltistan,Lahore,Khadija
B-25804,5/10/2018,Sudheer,Sindh,Peshawar,Hamza
B-25754,18-08-2018,Akshay,Gilgit-Baltistan,Multan,Ali
B-26020,16-02-2018,Yogesh,Azad Kashmir,Karachi,Sara
B-25640,27-04-2018,Paridhi,Sindh,Faisalabad,Ibrahim
B-25789,22-09-2018,Akshay,Azad Kashmir,Sialkot,Rania
B-26072,20-03-2018,Sweta,Sindh,Hyderabad,Mariam
B-26007,9/2/2018,Shubham,Khyber Pakhtunkhwa,Karachi,Abdullah
B-26087,26-03-2018,Vandana,Sindh,Hyderabad,Ahmed
B-25617,17-04-2018,Sagar,Sindh,Karachi,Fatima
B-25984,30-01-2018,Kajal,Khyber Pakhtunkhwa,Islamabad,Hassan
B-25767,31-08-2018,Ashmeet,Khyber Pakhtunkhwa,Karachi,Aisha
B-25987,31-01-2018,Manjiri,Sindh,Gujranwala,Omar
B-25840,31-10-2018,Sneha,Gilgit-Baltistan,Sukkur,Zainab
B-25663,19-05-2018,Pournamasi,Balochistan,Hyderabad,Yusuf
B-26030,21-02-2018,Sarita,Azad Kashmir,Peshawar,Maryam
B-25947,13-01-2018,Chetan,Punjab,Mardan,Bilal
B-25896,5/12/2018,Aman,Balochistan,Hyderabad,Noor
B-26009,10/2/2018,Komal,Balochistan,Mardan,Khadija
B-25876,24-11-2018,Bhosale,Khyber Pakhtunkhwa,Multan,Hamza
B-25915,19-12-2018,Sukruta,Khyber Pakhtunkhwa,Sargodha,Ali
B-25795,24-09-2018,Sukant,Punjab,Multan,Sara
B-26002,8/2/2018,Harsh,Punjab,Lahore,Ibrahim
B-25645,1/5/2018,Yaanvi,Khyber Pakhtunkhwa,Quetta,Rania
B-25837,29-10-2018,Palak,Punjab,Sukkur,Mariam
B-25612,12/4/2018,Shrichand,Sindh,Peshawar,Abdullah
B-25812,10/10/2018,Kshitij,Khyber Pakhtunkhwa,Peshawar,Ahmed
B-25843,3/11/2018,Mrunal,Punjab,Rawalpindi,Fatima
B-26026,19-02-2018,Kanak,Khyber Pakhtunkhwa,Gujranwala,Hassan
B-25773,6/9/2018,Shreya,Gilgit-Baltistan,Sargodha,Aisha
B-25875,24-11-2018,Divyeshkumar,Balochistan,Quetta,Omar
B-25660,16-05-2018,Shruti,Azad Kashmir,Peshawar,Zainab
B-25918,22-12-2018,Karandeep,Khyber Pakhtunkhwa,Gujranwala,Yusuf
B-25971,22-01-2018,Mitali,Gilgit-Baltistan,Multan,Maryam
B-26063,15-03-2018,Farah,Sindh,Lahore,Bilal
B-25867,17-11-2018,Ankit,Azad Kashmir,Multan,Noor
B-25703,28-06-2018,Ekta,Punjab,Mardan,Khadija
B-25661,17-05-2018,Subhashree,Gilgit-Baltistan,Sukkur,Hamza
B-25748,12/8/2018,Nitant,Balochistan,Islamabad,Ali
B-25766,30-08-2018,Surabhi,Balochistan,Multan,Sara
B-25861,15-11-2018,Aayush,Sindh,Rawalpindi,Ibrahim
B-26058,11/3/2018,Aditya,Balochistan,Islamabad,Rania
B-25808,8/10/2018,Apsingekar,Balochistan,Hyderabad,Mariam
B-25900,9/12/2018,Anand,Khyber Pakhtunkhwa,Multan,Abdullah
B-26084,25-03-2018,Anita,Gilgit-Baltistan,Hyderabad,Ahmed
B-25652,8/5/2018,Tushina,Punjab,Gujranwala,Fatima
B-26008,9/2/2018,Kalyani,Punjab,Sukkur,Hassan
B-25799,1/10/2018,Divyansh,Gilgit-Baltistan,Mardan,Aisha
B-25927,31-12-2018,Shreya,Balochistan,Faisalabad,Omar
B-25985,31-01-2018,Ginny,Punjab,Islamabad,Zainab
B-25994,3/2/2018,Omkar,Khyber Pakhtunkhwa,Gujranwala,Yusuf
B-25620,20-04-2018,Sarita,Balochistan,Gujranwala,Maryam
B-25712,7/7/2018,Adhvaita,Khyber Pakhtunkhwa,Bahawalpur,Bilal
B-25976,25-01-2018,Piyam,Sindh,Gujranwala,Noor
B-26068,16-03-2018,Shefali,Gilgit-Baltistan,Sukkur,Khadija
B-25721,16-07-2018,Anchal,Gilgit-Baltistan,Islamabad,Hamza
B-25863,15-11-2018,Manibalan,Azad Kashmir,Islamabad,Ali
B-25991,3/2/2018,Mansi,Balochistan,Sukkur,Sara
B-25737,1/8/2018,Shubham,Azad Kashmir,Islamabad,Ibrahim
B-26043,1/3/2018,Amit,Azad Kashmir,Multan,Rania
B-25977,27-01-2018,Aayushi,Khyber Pakhtunkhwa,Sukkur,Mariam
B-25908,12/12/2018,Pradeep,Khyber Pakhtunkhwa,Faisalabad,Abdullah
B-25941,7/1/2018,Jaideep,Gilgit-Baltistan,Bahawalpur,Ahmed
B-25794,24-09-2018,Aditya,Sindh,Sukkur,Fatima
B-26041,27-02-2018,Ritu,Sindh,Sialkot,Hassan
B-25695,18-06-2018,Suhani,Gilgit-Baltistan,Karachi,Aisha
B-25960,18-01-2018,Shreya,Punjab,Islamabad,Omar
B-26037,23-02-2018,Hitika,Gilgit-Baltistan,Peshawar,Zainab
B-25921,25-12-2018,Sandra,Punjab,Karachi,Yusuf
B-25944,10/1/2018,Syed,Khyber Pakhtunkhwa,Peshawar,Maryam
B-25724,19-07-2018,Sheetal,Punjab,Mardan,Bilal
B-26024,19-02-2018,Vandana,Punjab,Multan,Noor
B-25694,18-06-2018,Subhasmita,Gilgit-Baltistan,Bahawalpur,Khadija
B-25665,21-05-2018,Chayanika,Khyber Pakhtunkhwa,Rawalpindi,Hamza
B-26004,8/2/2018,Nandita,Khyber Pakhtunkhwa,Mardan,Ali
B-25611,11/4/2018,Anita,Balochistan,Islamabad,Sara
B-25901,10/12/2018,Suraj,Punjab,Hyderabad,Ibrahim
B-25623,22-04-2018,Atharv,Azad Kashmir,Mardan,Rania
B-25713,8/7/2018,Raksha,Gilgit-Baltistan,Rawalpindi,Mariam
B-26091,27-03-2018,Manju,Balochistan,Mardan,Abdullah
B-25604,3/4/2018,Divsha,Gilgit-Baltistan,Faisalabad,Ahmed
B-25827,23-10-2018,Sheetal,Punjab,Lahore,Fatima
B-25835,29-10-2018,Moumita,Balochistan,Islamabad,Hassan
B-26025,19-02-2018,Bhavna,Khyber Pakhtunkhwa,Lahore,Aisha
B-25809,9/10/2018,Suman,Gilgit-Baltistan,Multan,Omar
B-25905,11/12/2018,Bhargav,Punjab,Sargodha,Zainab
B-25948,13-01-2018,Mukund,Azad Kashmir,Bahawalpur,Yusuf
B-26094,27-03-2018,Deepak,Sindh,Hyderabad,Maryam
B-25949,13-01-2018,Shantanu,Punjab,Mardan,Bilal
B-26001,7/2/2018,Patil,Punjab,Faisalabad,Noor
B-25771,2/9/2018,Vaibhavi,Sindh,Multan,Khadija
B-25659,15-05-2018,Sanskriti,Azad Kashmir,Sargodha,Hamza
B-25924,28-12-2018,Prajakta,Balochistan,Hyderabad,Ali
B-25883,27-11-2018,Saptadeep,Balochistan,Gujranwala,Sara
B-25946,12/1/2018,Saurabh,Azad Kashmir,Faisalabad,Ibrahim
B-26065,16-03-2018,Nida,Balochistan,Mardan,Rania
B-26083,24-03-2018,Yogesh,Punjab,Mardan,Mariam
B-25725,20-07-2018,Anisha,Balochistan,Mardan,Abdullah
B-25630,24-04-2018,Sahil,Khyber Pakhtunkhwa,Bahawalpur,Ahmed
B-25673,28-05-2018,Arsheen,Gilgit-Baltistan,Gujranwala,Fatima
B-25692,17-06-2018,Rashmi,Sindh,Mardan,Hassan
B-25992,3/2/2018,Gaurav,Azad Kashmir,Lahore,Aisha
B-25765,29-08-2018,Meghana,Azad Kashmir,Peshawar,Omar
B-25892,4/12/2018,Aditi,Khyber Pakhtunkhwa,Sargodha,Zainab
B-26089,26-03-2018,Kanak,Gilgit-Baltistan,Karachi,Yusuf
B-25780,13-09-2018,Teena,Punjab,Gujranwala,Maryam
B-25684,9/6/2018,Samiksha,Khyber Pakhtunkhwa,Karachi,Bilal
B-25739,3/8/2018,Daksh,Gilgit-Baltistan,Faisalabad,Noor
B-25731,26-07-2018,Akash,Punjab,Hyderabad,Khadija
B-25648,4/5/2018,Aditya,Punjab,Islamabad,Hamza
B-26038,24-02-2018,Pooja,Gilgit-Baltistan,Islamabad,Ali
B-25700,25-06-2018,Shubhi,Azad Kashmir,Sialkot,Sara
B-26015,14-02-2018,Kasheen,Azad Kashmir,Rawalpindi,Ibrahim
B-25704,29-06-2018,Riya,Khyber Pakhtunkhwa,Peshawar,Rania
B-25811,10/10/2018,Utsav,Balochistan,Sialkot,Mariam
B-25821,16-10-2018,Ajay,Gilgit-Baltistan,Islamabad,Abdullah
B-25874,24-11-2018,Megha,Khyber Pakhtunkhwa,Sargodha,Ahmed
B-25668,24-05-2018,Rhea,Azad Kashmir,Karachi,Fatima
B-25800,1/10/2018,Ishit,Azad Kashmir,Bahawalpur,Hassan
B-25928,1/1/2018,Smriti,Punjab,Multan,Aisha
B-26021,17-02-2018,Anita,Punjab,Faisalabad,Omar
B-26064,16-03-2018,Ankita,Gilgit-Baltistan,Quetta,Zainab
B-25882,26-11-2018,Masurkar,Balochistan,Sukkur,Yusuf
B-25891,4/12/2018,Shivani,Sindh,Quetta,Maryam
B-25820,16-10-2018,Dheeraj,Azad Kashmir,Sukkur,Bilal
B-25889,3/12/2018,Abhishek,Khyber Pakhtunkhwa,Karachi,Noor
B-25871,21-11-2018,Gunjal,Punjab,Multan,Khadija
B-25637,26-04-2018,Ashmi,Sindh,Sargodha,Hamza
B-25616,15-04-2018,Kanak,Gilgit-Baltistan,Karachi,Ali
B-25972,23-01-2018,Jesslyn,Azad Kashmir,Quetta,Sara
B-25805,5/10/2018,Ankit,Gilgit-Baltistan,Gujranwala,Ibrahim
B-25860,15-11-2018,Akshay,Sindh,Sargodha,Rania
B-26080,22-03-2018,Sonakshi,Khyber Pakhtunkhwa,Sialkot,Mariam
B-25807,7/10/2018,Vipul,Punjab,Faisalabad,Abdullah
B-25734,29-07-2018,Pranav,Sindh,Bahawalpur,Ahmed
B-25880,24-11-2018,Apoorv,Khyber Pakhtunkhwa,Sukkur,Fatima
B-25934,4/1/2018,Rahul,Punjab,Hyderabad,Hassan
B-25913,17-12-2018,Geetanjali,Gilgit-Baltistan,Hyderabad,Aisha
B-25912,16-12-2018,Preksha,Sindh,Multan,Omar
B-25824,20-10-2018,Shyam,Gilgit-Baltistan,Rawalpindi,Zainab
B-25711,6/7/2018,Sakshi,Sindh,Multan,Yusuf
B-25864,15-11-2018,Aromal,Gilgit-Baltistan,Bahawalpur,Maryam
B-25917,21-12-2018,Sanjay,Azad Kashmir,Quetta,Bilal
B-26049,5/3/2018,Lisha,Sindh,Rawalpindi,Noor
B-25920,24-12-2018,Jayanti,Gilgit-Baltistan,Sialkot,Khadija
B-25699,24-06-2018,Kritika,Punjab,Sukkur,Hamza
B-25735,30-07-2018,Arindam,Khyber Pakhtunkhwa,Mardan,Ali
B-25701,26-06-2018,Maithilee,Azad Kashmir,Islamabad,Sara
B-26092,27-03-2018,Ramesh,Punjab,Lahore,Ibrahim
B-26082,23-03-2018,Jitesh,Azad Kashmir,Lahore,Rania
B-25818,14-10-2018,Sandeep,Gilgit-Baltistan,Peshawar,Mariam
B-25846,3/11/2018,Soodesh,Khyber Pakhtunkhwa,Sargodha,Abdullah
B-26011,12/2/2018,Bharat,Balochistan,Rawalpindi,Ahmed
B-25631,24-04-2018,Ritu,Sindh,Faisalabad,Fatima
B-25606,6/4/2018,Hazel,Azad Kashmir,Multan,Hassan
B-25746,10/8/2018,Shivam,Balochistan,Hyderabad,Aisha
B-26005,8/2/2018,Parnavi,Punjab,Multan,Omar
B-25844,3/11/2018,Swati,Azad Kashmir,Mardan,Zainab
B-25869,19-11-2018,Parakh,Azad Kashmir,Sargodha,Yusuf
B-26066,16-03-2018,Priyanka,Azad Kashmir,Islamabad,Maryam
B-25865,15-11-2018,Arun,Gilgit-Baltistan,Gujranwala,Bilal
B-26039,25-02-2018,Hemant,Sindh,Sialkot,Noor
B-25916,20-12-2018,Utkarsh,Khyber Pakhtunkhwa,Peshawar,Khadija
B-26090,27-03-2018,Sagar,Gilgit-Baltistan,Quetta,Hamza
B-25988,31-01-2018,Nirja,Azad Kashmir,Sukkur,Ali
B-25906,11/12/2018,Abhijit,Khyber Pakhtunkhwa,Peshawar,Sara
B-26017,14-02-2018,Sonakshi,Azad Kashmir,Sukkur,Ibrahim
B-25644,30-04-2018,Mayank,Balochistan,Hyderabad,Rania
B-25679,4/6/2018,Avni,Gilgit-Baltistan,Quetta,Mariam
B-25723,18-07-2018,Wale,Gilgit-Baltistan,Multan,Abdullah
B-25605,5/4/2018,Kasheen,Gilgit-Baltistan,Sialkot,Ahmed
B-25792,24-09-2018,Abhishek,Balochistan,Karachi,Fatima
B-25680,4/6/2018,Aayushi,Sindh,Lahore,Hassan
B-25931,4/1/2018,Sidharth,Sindh,Faisalabad,Aisha
B-25932,4/1/2018,Bhutekar,Sindh,Bahawalpur,Omar
B-25990,2/2/2018,Mugdha,Balochistan,Peshawar,Zainab
B-25615,15-04-2018,Bhavna,Balochistan,Hyderabad,Yusuf
B-26031,22-02-2018,Deepak,Balochistan,Mardan,Maryam
B-25801,1/10/2018,Aryan,Balochistan,Lahore,Bilal
B-25833,29-10-2018,Krishna,Balochistan,Multan,Noor
B-26077,22-03-2018,Divsha,Khyber Pakhtunkhwa,Lahore,Khadija
B-25936,5/1/2018,Nikhil,Sindh,Multan,Hamza
B-25938,5/1/2018,Shikhar,Khyber Pakhtunkhwa,Lahore,Ali
B-25716,11/7/2018,Surabhi,Punjab,Multan,Sara
B-25740,3/8/2018,Rane,Punjab,Mardan,Ibrahim
B-25763,27-08-2018,Noshiba,Gilgit-Baltistan,Peshawar,Rania
B-25872,22-11-2018,Saurabh,Balochistan,Islamabad,Mariam
B-25879,24-11-2018,Siddharth,Gilgit-Baltistan,Gujranwala,Abdullah
B-25926,30-12-2018,Dipali,Sindh,Hyderabad,Ahmed
B-26074,21-03-2018,Bharat,Khyber Pakhtunkhwa,Karachi,Fatima
B-25627,23-04-2018,Hitika,Gilgit-Baltistan,Bahawalpur,Hassan
B-25940,6/1/2018,Vivek,Sindh,Quetta,Aisha
B-26047,4/3/2018,Ashmi,Punjab,Peshawar,Omar
B-26069,17-03-2018,Sanskriti,Balochistan,Bahawalpur,Zainab
B-26027,20-02-2018,Sagar,Balochistan,Sukkur,Yusuf
B-25963,19-01-2018,Pratiksha,Khyber Pakhtunkhwa,Lahore,Maryam
B-25922,26-12-2018,Akshata,Gilgit-Baltistan,Multan,Bilal
B-25866,16-11-2018,Komal,Azad Kashmir,Hyderabad,Noor
B-25607,6/4/2018,Sonakshi,Sindh,Multan,Khadija
B-25775,8/9/2018,Duhita,Azad Kashmir,Sargodha,Hamza
B-25998,4/2/2018,Anmol,Balochistan,Multan,Ali
B-26062,15-03-2018,Tushina,Punjab,Sialkot,Sara
B-25722,17-07-2018,Inderpreet,Gilgit-Baltistan,Gujranwala,Ibrahim
B-25776,9/9/2018,Mousam,Khyber Pakhtunkhwa,Faisalabad,Rania
B-26032,22-02-2018,Monisha,Sindh,Peshawar,Mariam
B-25705,30-06-2018,Shweta,Azad Kashmir,Faisalabad,Abdullah
B-25628,24-04-2018,Pooja,Azad Kashmir,Lahore,Ahmed
B-25733,28-07-2018,Dhirajendu,Punjab,Karachi,Fatima
B-25647,3/5/2018,Sharda,Gilgit-Baltistan,Quetta,Hassan
B-25790,23-09-2018,Sajal,Balochistan,Gujranwala,Aisha
B-25709,1/7/2018,Aakanksha,Sindh,Bahawalpur,Omar
B-25911,15-12-2018,Phalguni,Gilgit-Baltistan,Lahore,Zainab
B-25774,7/9/2018,Snehal,Punjab,Sargodha,Yusuf
B-26042,28-02-2018,Manish,Sindh,Rawalpindi,Maryam
B-25815,10/10/2018,Harsh,Sindh,Bahawalpur,Bilal
B-25822,18-10-2018,Tejas,Azad Kashmir,Faisalabad,Noor
B-26075,21-03-2018,Pearl,Punjab,Multan,Khadija
B-25783,15-09-2018,Shivangi,Gilgit-Baltistan,Bahawalpur,Hamza
B-26046,4/3/2018,Nishi,Azad Kashmir,Faisalabad,Ali
B-25690,15-06-2018,Gunjan,Gilgit-Baltistan,Sukkur,Sara
B-25706,1/7/2018,Swetlana,Balochistan,Mardan,Ibrahim
B-25736,31-07-2018,Akshat,Punjab,Mardan,Rania
B-25720,15-07-2018,Namrata,Punjab,Karachi,Mariam
B-25907,11/12/2018,Jaydeep,Punjab,Multan,Abdullah
B-25719,12/7/2018,Rashmi,Azad Kashmir,Peshawar,Ahmed
B-26013,13-02-2018,Jahan,Punjab,Sukkur,Fatima
B-26044,2/3/2018,Sanjay,Punjab,Mardan,Hassan
B-25649,5/5/2018,Rachna,Azad Kashmir,Quetta,Aisha
B-25658,14-05-2018,Shefali,Gilgit-Baltistan,Hyderabad,Omar
B-25672,28-05-2018,Akanksha,Punjab,Lahore,Zainab
B-25624,22-04-2018,Vini,Gilgit-Baltistan,Rawalpindi,Yusuf
B-25884,28-11-2018,Sumeet,Punjab,Karachi,Maryam
B-25641,27-04-2018,Parishi,Balochistan,Sukkur,Bilal
B-25841,1/11/2018,Ashvini,Sindh,Sukkur,Noor
B-25980,27-01-2018,Shweta,Azad Kashmir,Rawalpindi,Khadija
B-26012,13-02-2018,Pearl,Sindh,Quetta,Hamza
B-26029,20-02-2018,Ramesh,Gilgit-Baltistan,Gujranwala,Ali
B-26071,19-03-2018,Subhashree,Sindh,Quetta,Sara
B-25646,1/5/2018,Sonal,Sindh,Rawalpindi,Ibrahim
B-25677,2/6/2018,Ekta,Punjab,Quetta,Rania
B-25759,23-08-2018,Soumya,Azad Kashmir,Karachi,Mariam
B-26059,12/3/2018,Rachna,Khyber Pakhtunkhwa,Sukkur,Abdullah
B-25632,25-04-2018,Manish,Azad Kashmir,Rawalpindi,Ahmed
B-26079,22-03-2018,Hazel,Khyber Pakhtunkhwa,Faisalabad,Fatima
B-25674,28-05-2018,Mahima,Gilgit-Baltistan,Bahawalpur,Hassan
B-25965,21-01-2018,Saloni,Punjab,Hyderabad,Aisha
B-25732,27-07-2018,Anubhaw,Gilgit-Baltistan,Hyderabad,Omar
B-25834,29-10-2018,Ananya,Khyber Pakhtunkhwa,Lahore,Zainab
B-25784,15-09-2018,Rohit,Khyber Pakhtunkhwa,Multan,Yusuf
B-25982,29-01-2018,Hemangi,Punjab,Bahawalpur,Maryam
B-25788,21-09-2018,Dinesh,Sindh,Rawalpindi,Bilal
B-25742,3/8/2018,Ashwin,Sindh,Lahore,Noor
B-26088,26-03-2018,Bhavna,Punjab,Rawalpindi,Khadija
B-25707,1/7/2018,Shivani,Sindh,Hyderabad,Hamza
B-25758,22-08-2018,Shubham,Punjab,Lahore,Ali
B-26095,28-03-2018,Monisha,Khyber Pakhtunkhwa,Karachi,Sara
